{
    "Ar36": {
        "error": 0.00028734135598233496, 
        "fit": "parabolic", 
        "value": 0.01079957240206221
    }, 
    "Ar37": {
        "error": 0.015054217578265717, 
        "fit": "linear", 
        "value": 0.49049363918322231
    }, 
    "Ar38": {
        "error": 0.019635642349784134, 
        "fit": "linear", 
        "value": 1.11351682517784
    }, 
    "Ar39": {
        "error": 0.035627392206728906, 
        "fit": "parabolic", 
        "value": 98.797770285263383
    }, 
    "Ar40": {
        "error": 0.071239283050905863, 
        "fit": "parabolic", 
        "value": 1131.1728815794213
    }, 
    "Ar41": {
        "error": 0.0066711032295265621, 
        "fit": "average", 
        "value": 0.24207537054942804
    }
}