{
    "Ar36": {
        "error": 0.0002527342051257442, 
        "fit": "parabolic", 
        "value": 0.0066500878886102477
    }, 
    "Ar37": {
        "error": 0.013905642162059672, 
        "fit": "linear", 
        "value": 0.64630776160491521
    }, 
    "Ar38": {
        "error": 0.02076674690152824, 
        "fit": "linear", 
        "value": 1.6433102304719069
    }, 
    "Ar39": {
        "error": 0.04049850731334035, 
        "fit": "parabolic", 
        "value": 144.8569611760592
    }, 
    "Ar40": {
        "error": 0.08665482088367725, 
        "fit": "parabolic", 
        "value": 1654.8863850724272
    }, 
    "Ar41": {
        "error": 0.0067180337198098272, 
        "fit": "average", 
        "value": 0.24374503385624849
    }
}