{
    "Ar36": {
        "error": 0.00037004423610564652, 
        "fit": "parabolic", 
        "value": 0.01838569885933063
    }, 
    "Ar37": {
        "error": 0.01459955925344401, 
        "fit": "linear", 
        "value": 0.92507667262471616
    }, 
    "Ar38": {
        "error": 0.016855769618263499, 
        "fit": "linear", 
        "value": 2.6596076712230685
    }, 
    "Ar39": {
        "error": 0.04924034082978427, 
        "fit": "parabolic", 
        "value": 225.66002486860208
    }, 
    "Ar40": {
        "error": 0.11180414236422204, 
        "fit": "parabolic", 
        "value": 2572.0552146934051
    }, 
    "Ar41": {
        "error": 0.0060654061316821042, 
        "fit": "average", 
        "value": 0.26803399691416419
    }
}