{
    "Ar36": {
        "error": 0.00044529334039765926, 
        "fit": "parabolic", 
        "value": 0.01842471882599054
    }, 
    "Ar37": {
        "error": 0.013602855507762985, 
        "fit": "linear", 
        "value": 1.5920298518661384
    }, 
    "Ar38": {
        "error": 0.018980854787583021, 
        "fit": "linear", 
        "value": 4.5825279392544855
    }, 
    "Ar39": {
        "error": 0.063534598982042265, 
        "fit": "parabolic", 
        "value": 376.19972743784075
    }, 
    "Ar40": {
        "error": 0.14968869660404863, 
        "fit": "parabolic", 
        "value": 4310.8290038906762
    }, 
    "Ar41": {
        "error": 0.006666001638310372, 
        "fit": "average", 
        "value": 0.31813438542885708
    }
}