{
    "Ar36": {
        "error": 0.00024567851465778784, 
        "fit": "parabolic", 
        "value": 0.0092359037106490537
    }, 
    "Ar37": {
        "error": 0.011527273336887373, 
        "fit": "linear", 
        "value": 0.35066266996215884
    }, 
    "Ar38": {
        "error": 0.011011476771832078, 
        "fit": "linear", 
        "value": 2.0106144224888918
    }, 
    "Ar39": {
        "error": 0.033485112616610482, 
        "fit": "parabolic", 
        "value": 177.78469485616608
    }, 
    "Ar40": {
        "error": 0.070139929040199264, 
        "fit": "parabolic", 
        "value": 2041.7186500485732
    }, 
    "Ar41": {
        "error": 0.0050761423369385019, 
        "fit": "average", 
        "value": 0.24439211435509303
    }
}