{
    "Ar36": {
        "error": 0.00017329446313993219, 
        "fit": "parabolic", 
        "value": 0.003813713607774008
    }, 
    "Ar37": {
        "error": 0.011289055819162879, 
        "fit": "linear", 
        "value": 0.21463769966813878
    }, 
    "Ar38": {
        "error": 0.011566466493327812, 
        "fit": "linear", 
        "value": 0.60007039031925458
    }, 
    "Ar39": {
        "error": 0.022388351016019485, 
        "fit": "parabolic", 
        "value": 61.573620627173
    }, 
    "Ar40": {
        "error": 0.045127873276054338, 
        "fit": "parabolic", 
        "value": 707.57896200564551
    }, 
    "Ar41": {
        "error": 0.0051212123470743944, 
        "fit": "average", 
        "value": -0.033525299646814041
    }
}