{
    "Ar36": {
        "error": 0.00020126747941210638, 
        "fit": "parabolic", 
        "value": 0.0065955206697915648
    }, 
    "Ar37": {
        "error": 0.0114391591547127, 
        "fit": "linear", 
        "value": 0.26183688910436242
    }, 
    "Ar38": {
        "error": 0.011842193825544444, 
        "fit": "linear", 
        "value": 0.71667869615053115
    }, 
    "Ar39": {
        "error": 0.02564850610237706, 
        "fit": "parabolic", 
        "value": 69.75336335465515
    }, 
    "Ar40": {
        "error": 0.049496787448824735, 
        "fit": "parabolic", 
        "value": 802.8248668251947
    }, 
    "Ar41": {
        "error": 0.0052651515613960764, 
        "fit": "average", 
        "value": -0.037745796035063298
    }
}