{
    "Ar36": {
        "error": 0.00035380929456412593, 
        "fit": "parabolic", 
        "value": 0.019477381552888036
    }, 
    "Ar37": {
        "error": 0.014619687579424286, 
        "fit": "linear", 
        "value": 0.33245323460372112
    }, 
    "Ar38": {
        "error": 0.013650255768905228, 
        "fit": "linear", 
        "value": 1.7336447361884151
    }, 
    "Ar39": {
        "error": 0.040372298010733429, 
        "fit": "parabolic", 
        "value": 152.52716012363223
    }, 
    "Ar40": {
        "error": 0.092251826157320971, 
        "fit": "parabolic", 
        "value": 1760.89195505935
    }, 
    "Ar41": {
        "error": 0.0065402478769678966, 
        "fit": "average", 
        "value": 0.24073099619417918
    }
}