{
    "Ar36": {
        "error": 0.00029485413816307554, 
        "fit": "parabolic", 
        "value": 0.0088811439114244908
    }, 
    "Ar37": {
        "error": 0.013490260065637884, 
        "fit": "linear", 
        "value": 0.29526932480127666
    }, 
    "Ar38": {
        "error": 0.013474042472962413, 
        "fit": "linear", 
        "value": 1.8769017489685087
    }, 
    "Ar39": {
        "error": 0.043761141161536059, 
        "fit": "parabolic", 
        "value": 165.72199788019719
    }, 
    "Ar40": {
        "error": 0.094876737704352579, 
        "fit": "parabolic", 
        "value": 1912.3338567013379
    }, 
    "Ar41": {
        "error": 0.0064119452958214546, 
        "fit": "average", 
        "value": 0.24030863268766553
    }
}