{
    "Ar36": {
        "error": 0.00027541521497495471, 
        "fit": "linear", 
        "value": 0.0097538207211408275
    }, 
    "Ar37": {
        "error": 0.05163939833557505, 
        "fit": "linear", 
        "value": 0.24420539618333251
    }, 
    "Ar38": {
        "error": 0.019792309231570052, 
        "fit": "linear", 
        "value": 1.2422362884020757
    }, 
    "Ar39": {
        "error": 0.019051651647703859, 
        "fit": "linear", 
        "value": 100.02311067751472
    }, 
    "Ar40": {
        "error": 0.085090864944224617, 
        "fit": "linear", 
        "value": 1145.8485504989098
    }, 
    "Ar41": {
        "error": 0.0089356971481863237, 
        "fit": "average", 
        "value": -0.26695692757920675
    }
}