{
    "Ar36": {
        "error": 0.00030189057984779339, 
        "fit": "linear", 
        "value": 0.010330591021484042
    }, 
    "Ar37": {
        "error": 0.055216759508350512, 
        "fit": "linear", 
        "value": 0.4297477609301088
    }, 
    "Ar38": {
        "error": 0.021458806792231624, 
        "fit": "linear", 
        "value": 1.2808471817748841
    }, 
    "Ar39": {
        "error": 0.021425431621131658, 
        "fit": "linear", 
        "value": 104.24840686810523
    }, 
    "Ar40": {
        "error": 0.082881283886327664, 
        "fit": "linear", 
        "value": 1196.8916570870842
    }, 
    "Ar41": {
        "error": 0.0091995909489776366, 
        "fit": "average", 
        "value": -0.27117718245058009
    }
}