{
    "Ar36": {
        "error": 0.00022525797777949472, 
        "fit": "linear", 
        "value": 0.0066735014934860785
    }, 
    "Ar37": {
        "error": 0.025554920333636186, 
        "fit": "linear", 
        "value": 0.60741626293585305
    }, 
    "Ar38": {
        "error": 0.0274473529278902, 
        "fit": "linear", 
        "value": 2.1412398114050921
    }, 
    "Ar39": {
        "error": 0.058067618690170672, 
        "fit": "linear", 
        "value": 183.37382090737964
    }, 
    "Ar40": {
        "error": 0.098793350293944204, 
        "fit": "linear", 
        "value": 2097.6870031798871
    }, 
    "Ar41": {
        "error": 0.02602360609605649, 
        "fit": "linear", 
        "value": 0.0044722290308081957
    }
}