{
    "Ar36": {
        "error": 0.00019280430252027376, 
        "fit": "linear", 
        "value": 0.0047233283592954343
    }, 
    "Ar37": {
        "error": 0.023184472141743254, 
        "fit": "linear", 
        "value": 0.37514086822837556
    }, 
    "Ar38": {
        "error": 0.021696084663458862, 
        "fit": "linear", 
        "value": 1.1151483228875163
    }, 
    "Ar39": {
        "error": 0.037402495565508086, 
        "fit": "linear", 
        "value": 104.30734025502231
    }, 
    "Ar40": {
        "error": 0.086338272575311958, 
        "fit": "linear", 
        "value": 1197.1616558030773
    }, 
    "Ar41": {
        "error": 0.022332472649992646, 
        "fit": "linear", 
        "value": -0.023594747307715786
    }
}