{
    "Ar36": {
        "error": 0.00028349967966878728, 
        "fit": "linear", 
        "value": 0.0095114339165684493
    }, 
    "Ar37": {
        "error": 0.026891742248087807, 
        "fit": "linear", 
        "value": 0.58309792636949176
    }, 
    "Ar38": {
        "error": 0.026460374989616193, 
        "fit": "linear", 
        "value": 1.8802190285376104
    }, 
    "Ar39": {
        "error": 0.051894009893982074, 
        "fit": "linear", 
        "value": 164.72034805880008
    }, 
    "Ar40": {
        "error": 0.11448627236972962, 
        "fit": "linear", 
        "value": 1901.4767092349782
    }, 
    "Ar41": {
        "error": 0.024509925980407188, 
        "fit": "linear", 
        "value": 0.26811969707112271
    }
}