{
    "AX": {
        "error": 0.008405500311836308, 
        "fit": "average", 
        "value": -0.0585588201880455
    }, 
    "CDD": {
        "error": 2.1267582155456316e-05, 
        "fit": "average", 
        "value": 0.0002042365964371129
    }, 
    "H1": {
        "error": 0.01373004598081449, 
        "fit": "average", 
        "value": 0.062225399725139144
    }, 
    "H2": {
        "error": 0.013945607555083865, 
        "fit": "average", 
        "value": -0.28096422189846637
    }, 
    "L1": {
        "error": 0.014464534411088331, 
        "fit": "average", 
        "value": -0.0260743183530091
    }, 
    "L2": {
        "error": 0.03083522622666437, 
        "fit": "average", 
        "value": -0.11319023071943472
    }
}