{
    "AX": {
        "error": 0.007624694958784849, 
        "fit": "average", 
        "value": -0.05876649706624448
    }, 
    "CDD": {
        "error": 1.4298473239834533e-05, 
        "fit": "average", 
        "value": 6.417409052422348e-05
    }, 
    "H1": {
        "error": 0.014444425244328365, 
        "fit": "average", 
        "value": -0.02355899325242111
    }, 
    "H2": {
        "error": 0.01572247395108248, 
        "fit": "average", 
        "value": -0.29688840853826454
    }, 
    "L1": {
        "error": 0.012920515503961387, 
        "fit": "average", 
        "value": -0.035877322273639344
    }, 
    "L2": {
        "error": 0.03347862909410843, 
        "fit": "average", 
        "value": -0.129209378020217
    }
}