{
    "AX": {
        "error": 0.006127182113649469, 
        "fit": "average", 
        "value": -0.06524624554634405
    }, 
    "CDD": {
        "error": 1.4959672344394669e-05, 
        "fit": "average", 
        "value": 8.454681862228124e-05
    }, 
    "H1": {
        "error": 0.016470509597444557, 
        "fit": "average", 
        "value": 0.023036253285439064
    }, 
    "H2": {
        "error": 0.013274063621918993, 
        "fit": "average", 
        "value": -0.2990267563611269
    }, 
    "L1": {
        "error": 0.017089805287605363, 
        "fit": "average", 
        "value": -0.031653390061304285
    }, 
    "L2": {
        "error": 0.03348332599979256, 
        "fit": "average", 
        "value": -0.06431303773618614
    }
}