{
    "AX": {
        "error": 0.008061114005594193, 
        "fit": "average", 
        "value": -0.060142217731724186
    }, 
    "CDD": {
        "error": 1.7826136996713732e-05, 
        "fit": "average", 
        "value": 0.00010746613758480331
    }, 
    "H1": {
        "error": 0.014592041923272377, 
        "fit": "average", 
        "value": 0.005898229759380532
    }, 
    "H2": {
        "error": 0.013112933911863366, 
        "fit": "average", 
        "value": -0.26553080420320235
    }, 
    "L1": {
        "error": 0.016541604583098078, 
        "fit": "average", 
        "value": -0.05776388815138489
    }, 
    "L2": {
        "error": 0.03010116017140664, 
        "fit": "average", 
        "value": -0.0058071212765450275
    }
}