{
    "AX": {
        "error": 0.010026860292957506, 
        "fit": "average", 
        "value": -0.03880233028321527
    }, 
    "CDD": {
        "error": 1.7931297770118078e-06, 
        "fit": "average", 
        "value": 2.5465909857302903e-06
    }, 
    "H1": {
        "error": 0.011496335884936313, 
        "fit": "average", 
        "value": 0.15169485096121207
    }, 
    "H2": {
        "error": 0.012602753788874654, 
        "fit": "average", 
        "value": -0.05335128914739471
    }, 
    "L1": {
        "error": 0.01245177705233295, 
        "fit": "average", 
        "value": -0.15803439405669148
    }, 
    "L2": {
        "error": 0.012986412883587484, 
        "fit": "average", 
        "value": 0.11135117811390956
    }
}