{
    "AX": {
        "error": 0.009631724372220127, 
        "fit": "average", 
        "value": -0.0340395595987502
    }, 
    "CDD": {
        "error": 1.2732954928651456e-06, 
        "fit": "average", 
        "value": 1.2732954928651452e-06
    }, 
    "H1": {
        "error": 0.01156378859430609, 
        "fit": "average", 
        "value": 0.02407546519959093
    }, 
    "H2": {
        "error": 0.010961988284520208, 
        "fit": "average", 
        "value": -0.06066122245853573
    }, 
    "L1": {
        "error": 0.018491144239376863, 
        "fit": "average", 
        "value": -0.20902042100400042
    }, 
    "L2": {
        "error": 0.011747648099431445, 
        "fit": "average", 
        "value": 0.011315838750063752
    }
}