{
    "AX": {
        "error": 0.009733794258475568, 
        "fit": "average", 
        "value": -0.028575270960573107
    }, 
    "CDD": {
        "error": 1.7931297770118078e-06, 
        "fit": "average", 
        "value": 2.5465909857302903e-06
    }, 
    "H1": {
        "error": 0.011144031195144155, 
        "fit": "average", 
        "value": -0.0011252718651424706
    }, 
    "H2": {
        "error": 0.011415158328164181, 
        "fit": "average", 
        "value": 0.19366562566622936
    }, 
    "L1": {
        "error": 0.015585859706815832, 
        "fit": "average", 
        "value": -0.18988660487617987
    }, 
    "L2": {
        "error": 0.012475512084376068, 
        "fit": "average", 
        "value": -0.02087922675612693
    }
}