{
    "AX": {
        "error": 0.009429704424139025, 
        "fit": "average", 
        "value": -0.02883858052470411
    }, 
    "CDD": {
        "error": 0.0, 
        "fit": "average", 
        "value": 0.0
    }, 
    "H1": {
        "error": 0.011826464561380593, 
        "fit": "average", 
        "value": 0.027586356930745144
    }, 
    "H2": {
        "error": 0.011894532343869803, 
        "fit": "average", 
        "value": 0.2162730700355799
    }, 
    "L1": {
        "error": 0.018054048477649035, 
        "fit": "average", 
        "value": -0.17219254607528758
    }, 
    "L2": {
        "error": 0.01188431866088574, 
        "fit": "average", 
        "value": 0.022737428602871052
    }
}