{
    "AX": {
        "error": 0.013932504009397394, 
        "fit": "average", 
        "value": -0.017028758203377948
    }, 
    "CDD": {
        "error": 1.1478665829168719e-05, 
        "fit": "average", 
        "value": 9.29505709791556e-05
    }, 
    "H1": {
        "error": 0.010418928924076127, 
        "fit": "average", 
        "value": 0.036582167773546344
    }, 
    "H2": {
        "error": 0.01300396126905988, 
        "fit": "average", 
        "value": 0.22513895506466117
    }, 
    "L1": {
        "error": 0.018832481172329486, 
        "fit": "average", 
        "value": -0.1740408271515965
    }, 
    "L2": {
        "error": 0.013145707252364252, 
        "fit": "average", 
        "value": 0.006395459039291988
    }
}