{
    "AX": {
        "error": 0.011151886868432928, 
        "fit": "average", 
        "value": -0.019719885218607184
    }, 
    "CDD": {
        "error": 9.51058114637332e-06, 
        "fit": "average", 
        "value": 6.493807013612241e-05
    }, 
    "H1": {
        "error": 0.011868816810805774, 
        "fit": "average", 
        "value": 0.037091436149785294
    }, 
    "H2": {
        "error": 0.012069798613309295, 
        "fit": "average", 
        "value": 0.22675050742715636
    }, 
    "L1": {
        "error": 0.017090920354354364, 
        "fit": "average", 
        "value": -0.1823985967300056
    }, 
    "L2": {
        "error": 0.01297028856650863, 
        "fit": "average", 
        "value": 0.006742735326649078
    }
}