{
    "AX": {
        "error": 0.009039217966542593, 
        "fit": "average", 
        "value": -0.04955419642283232
    }, 
    "CDD": {
        "error": 5.659249152362769e-06, 
        "fit": "average", 
        "value": 3.565227380022407e-05
    }, 
    "H1": {
        "error": 0.009610582591152425, 
        "fit": "average", 
        "value": 0.006863683240953833
    }, 
    "H2": {
        "error": 0.00925950464839434, 
        "fit": "average", 
        "value": -0.05570794055416223
    }, 
    "L1": {
        "error": 0.008514021711474523, 
        "fit": "average", 
        "value": -0.15752718350332645
    }, 
    "L2": {
        "error": 0.01069051116036139, 
        "fit": "average", 
        "value": 0.12182144585856097
    }
}