{
    "AX": {
        "error": 0.009154156226818746, 
        "fit": "average", 
        "value": -0.044406542871729474
    }, 
    "CDD": {
        "error": 7.790047174436248e-06, 
        "fit": "average", 
        "value": 6.366477464325726e-05
    }, 
    "H1": {
        "error": 0.009254711661740472, 
        "fit": "average", 
        "value": 0.014830503083713767
    }, 
    "H2": {
        "error": 0.00929208428736384, 
        "fit": "average", 
        "value": 0.20370029522002572
    }, 
    "L1": {
        "error": 0.009025531864689223, 
        "fit": "average", 
        "value": -0.16486337218690703
    }, 
    "L2": {
        "error": 0.009214146086629585, 
        "fit": "average", 
        "value": 0.12474493927907639
    }
}