{
    "AX": {
        "error": 0.009932348629405351, 
        "fit": "average", 
        "value": -0.03662498943449464
    }, 
    "CDD": {
        "error": 6.668540546400721e-06, 
        "fit": "average", 
        "value": 3.055909182876348e-05
    }, 
    "H1": {
        "error": 0.011955942775349056, 
        "fit": "average", 
        "value": 0.020116294776865593
    }, 
    "H2": {
        "error": 0.011141697645959717, 
        "fit": "average", 
        "value": 0.22365265600189257
    }, 
    "L1": {
        "error": 0.011338274982862228, 
        "fit": "average", 
        "value": -0.15059200451942162
    }, 
    "L2": {
        "error": 0.012479889411646948, 
        "fit": "average", 
        "value": 0.10980072649787569
    }
}