{
    "AX": {
        "error": 0.008340251558331915, 
        "fit": "average", 
        "value": -0.05720107308976973
    }, 
    "CDD": {
        "error": 2.2031685985241328e-05, 
        "fit": "average", 
        "value": 0.00017113091347103666
    }, 
    "H1": {
        "error": 0.01561613790576264, 
        "fit": "average", 
        "value": 0.021372347028227524
    }, 
    "H2": {
        "error": 0.011911680045454311, 
        "fit": "average", 
        "value": -0.2613133922840158
    }, 
    "L1": {
        "error": 0.014099778738337952, 
        "fit": "average", 
        "value": -0.04233977066396619
    }, 
    "L2": {
        "error": 0.029215689120960363, 
        "fit": "average", 
        "value": -0.10043558212928475
    }
}