{
    "AX": {
        "error": 0.006720000747808068, 
        "fit": "average", 
        "value": -0.06628017238496492
    }, 
    "CDD": {
        "error": 1.7964338078375685e-05, 
        "fit": "average", 
        "value": 0.00012019909257408775
    }, 
    "H1": {
        "error": 0.014120141597881974, 
        "fit": "average", 
        "value": 0.0017808003545117875
    }, 
    "H2": {
        "error": 0.014984442936824568, 
        "fit": "average", 
        "value": -0.278645019667844
    }, 
    "L1": {
        "error": 0.015265498157991265, 
        "fit": "average", 
        "value": -0.04935907890831004
    }, 
    "L2": {
        "error": 0.032452440360888984, 
        "fit": "average", 
        "value": -0.05991087577616175
    }
}