{
    "AX": {
        "error": 0.007968819171430268, 
        "fit": "average", 
        "value": -0.054145910524918385
    }, 
    "CDD": {
        "error": 2.820021879621485e-05, 
        "fit": "average", 
        "value": 0.0002806343305261786
    }, 
    "H1": {
        "error": 0.014012876857346188, 
        "fit": "average", 
        "value": 0.04968359967848907
    }, 
    "H2": {
        "error": 0.016269245636858744, 
        "fit": "average", 
        "value": -0.25868725990876557
    }, 
    "L1": {
        "error": 0.015564475125874855, 
        "fit": "average", 
        "value": -0.025452026554072898
    }, 
    "L2": {
        "error": 0.03451495907293063, 
        "fit": "average", 
        "value": -0.05907386727437067
    }
}