{
    "AX": {
        "error": 0.020105493330351026, 
        "fit": "average", 
        "value": -0.010020748481878804
    }, 
    "CDD": {
        "error": 1.3668573881133939e-05, 
        "fit": "average", 
        "value": 0.00011714318534359336
    }, 
    "H1": {
        "error": 0.012483209043172004, 
        "fit": "average", 
        "value": 0.1374488931045764
    }, 
    "H2": {
        "error": 0.011884419539597513, 
        "fit": "average", 
        "value": -0.08001075955107809
    }, 
    "L1": {
        "error": 0.013232820826253227, 
        "fit": "average", 
        "value": -0.18986019318561173
    }, 
    "L2": {
        "error": 0.013236490800709452, 
        "fit": "average", 
        "value": 0.10271017361406444
    }
}