{
    "AX": {
        "error": 0.012525909436589336, 
        "fit": "average", 
        "value": -0.020897218071170048
    }, 
    "CDD": {
        "error": 7.263291550852048e-06, 
        "fit": "average", 
        "value": 3.565227380022407e-05
    }, 
    "H1": {
        "error": 0.014335512308103936, 
        "fit": "average", 
        "value": 0.1496651944769029
    }, 
    "H2": {
        "error": 0.012698326334648891, 
        "fit": "average", 
        "value": -0.07266340252115494
    }, 
    "L1": {
        "error": 0.011924828222149074, 
        "fit": "average", 
        "value": -0.17802957844170225
    }, 
    "L2": {
        "error": 0.013225740554577679, 
        "fit": "average", 
        "value": 0.09845951883277546
    }
}