{
    "AX": {
        "error": 0.014418603857253012, 
        "fit": "average", 
        "value": -0.01683537979455044
    }, 
    "CDD": {
        "error": 1.3071497028532444e-05, 
        "fit": "average", 
        "value": 9.846818478157124e-05
    }, 
    "H1": {
        "error": 0.012840435769279481, 
        "fit": "average", 
        "value": 0.04383956998741875
    }, 
    "H2": {
        "error": 0.012348139976381234, 
        "fit": "average", 
        "value": -0.052138029728343506
    }, 
    "L1": {
        "error": 0.014702666096220694, 
        "fit": "average", 
        "value": -0.19220307853279842
    }, 
    "L2": {
        "error": 0.015235976901530165, 
        "fit": "average", 
        "value": 0.1287905899911291
    }
}