{
    "AX": {
        "error": 0.013388732763165847, 
        "fit": "average", 
        "value": -0.016632405135654456
    }, 
    "CDD": {
        "error": 9.923871797221864e-06, 
        "fit": "average", 
        "value": 6.281591098134716e-05
    }, 
    "H1": {
        "error": 0.013214183097073902, 
        "fit": "average", 
        "value": 0.06327327441087821
    }, 
    "H2": {
        "error": 0.01408838217865519, 
        "fit": "average", 
        "value": -0.05727987457972227
    }, 
    "L1": {
        "error": 0.01543835232726165, 
        "fit": "average", 
        "value": -0.1598037631354398
    }, 
    "L2": {
        "error": 0.012620841986235224, 
        "fit": "average", 
        "value": 0.1289759255738722
    }
}