{
    "AX": {
        "error": 0.01497068011436048, 
        "fit": "average", 
        "value": -0.01934916834709131
    }, 
    "CDD": {
        "error": 1.13659293778865e-05, 
        "fit": "average", 
        "value": 6.960682027662794e-05
    }, 
    "H1": {
        "error": 0.013262885579445084, 
        "fit": "average", 
        "value": 0.03498234477075231
    }, 
    "H2": {
        "error": 0.012258814753623224, 
        "fit": "average", 
        "value": -0.06783429684065696
    }, 
    "L1": {
        "error": 0.014080526479668894, 
        "fit": "average", 
        "value": -0.17409788552775152
    }, 
    "L2": {
        "error": 0.013184803155056792, 
        "fit": "average", 
        "value": 0.11964778389603654
    }
}