{
    "AX": {
        "error": 0.01947157417048033, 
        "fit": "average", 
        "value": -0.02045801258387251
    }, 
    "CDD": {
        "error": 1.3510095759037136e-05, 
        "fit": "average", 
        "value": 0.00011544545801977317
    }, 
    "H1": {
        "error": 0.014572877058361071, 
        "fit": "average", 
        "value": 0.03945329148167123
    }, 
    "H2": {
        "error": 0.012361897275852182, 
        "fit": "average", 
        "value": 0.2156230515955637
    }, 
    "L1": {
        "error": 0.015532831960408194, 
        "fit": "average", 
        "value": -0.1660357394333308
    }, 
    "L2": {
        "error": 0.014831153247593239, 
        "fit": "average", 
        "value": 0.1321723377202741
    }
}