{
    "Ar36": {
        "error": 0.00028025671835989842, 
        "fit": "linear", 
        "value": 0.0083654603442095948
    }, 
    "Ar37": {
        "error": 0.047798953865071908, 
        "fit": "linear", 
        "value": 0.10923134607014959
    }, 
    "Ar38": {
        "error": 0.023676740921103428, 
        "fit": "linear", 
        "value": 0.78602922846941381
    }, 
    "Ar39": {
        "error": 0.021873145720224023, 
        "fit": "linear", 
        "value": 68.979389450049553
    }, 
    "Ar40": {
        "error": 0.070783175659536762, 
        "fit": "linear", 
        "value": 782.75504900165993
    }, 
    "Ar41": {
        "error": 0.0081842602860213894, 
        "fit": "average", 
        "value": -0.29713479533791542
    }
}