{
    "Ar36": {
        "error": 0.00032206177985938628, 
        "fit": "linear", 
        "value": 0.010626397706995088
    }, 
    "Ar37": {
        "error": 0.050689025785583181, 
        "fit": "linear", 
        "value": 0.37184899985566139
    }, 
    "Ar38": {
        "error": 0.023515938089439085, 
        "fit": "linear", 
        "value": 1.3432451859866019
    }, 
    "Ar39": {
        "error": 0.020437796012896831, 
        "fit": "linear", 
        "value": 103.99018640871476
    }, 
    "Ar40": {
        "error": 0.078754227168823424, 
        "fit": "linear", 
        "value": 1178.3830652881506
    }, 
    "Ar41": {
        "error": 0.0093661215663708927, 
        "fit": "average", 
        "value": -0.2507833055422331
    }
}