{
    "Ar36": {
        "error": 0.00040113300411688774, 
        "fit": "linear", 
        "value": 0.019928412091895858
    }, 
    "Ar37": {
        "error": 0.024950812772251051, 
        "fit": "linear", 
        "value": 0.9337120380253997
    }, 
    "Ar38": {
        "error": 0.032650251867476561, 
        "fit": "linear", 
        "value": 2.4088025869318068
    }, 
    "Ar39": {
        "error": 0.054022971668715683, 
        "fit": "linear", 
        "value": 198.2461001780249
    }, 
    "Ar40": {
        "error": 0.10954105347703068, 
        "fit": "linear", 
        "value": 2252.8295557214979
    }, 
    "Ar41": {
        "error": 0.010434539622334283, 
        "fit": "average", 
        "value": 0.28753372240811587
    }
}