{
    "AX": {
        "error": 0.014747774956262151, 
        "fit": "average", 
        "value": 0.003627388809885209
    }, 
    "CDD": {
        "error": 1.337787984546731e-05, 
        "fit": "average", 
        "value": 0.00014260909520089627
    }, 
    "H1": {
        "error": 0.010467255145532624, 
        "fit": "average", 
        "value": 0.042753258418330616
    }, 
    "H2": {
        "error": 0.010486013879918363, 
        "fit": "average", 
        "value": -0.06264001408271724
    }, 
    "L1": {
        "error": 0.01540019026490299, 
        "fit": "average", 
        "value": -0.20091389180355085
    }, 
    "L2": {
        "error": 0.013090489456430158, 
        "fit": "average", 
        "value": -0.024516983539797366
    }
}