{
    "Ar36": {
        "error": 0.0054875656713431684, 
        "fit": "parabolic", 
        "value": 6.3906293559686711
    }, 
    "Ar37": {
        "error": 0.025550175953274804, 
        "fit": "linear", 
        "value": -0.018340480628859131
    }, 
    "Ar38": {
        "error": 0.01139564260630012, 
        "fit": "linear", 
        "value": 1.1930616588921739
    }, 
    "Ar39": {
        "error": 0.01114120719614895, 
        "fit": "parabolic", 
        "value": -0.01585092231275765
    }, 
    "Ar40": {
        "error": 0.082633670475618495, 
        "fit": "parabolic", 
        "value": 1926.0795089956168
    }, 
    "Ar41": {
        "error": 0.0058822120186629483, 
        "fit": "average", 
        "value": -0.22652541422867217
    }
}