{
    "Ar36": {
        "error": 0.00021991960632109186, 
        "fit": "parabolic", 
        "value": 0.0043945249692730996
    }, 
    "Ar37": {
        "error": 0.015015546195394074, 
        "fit": "linear", 
        "value": 0.034747960370841512
    }, 
    "Ar38": {
        "error": 0.019063536780254051, 
        "fit": "linear", 
        "value": -0.18559170190024682
    }, 
    "Ar39": {
        "error": 0.019493537230150938, 
        "fit": "parabolic", 
        "value": -0.017586642349157716
    }, 
    "Ar40": {
        "error": 0.023663638798522572, 
        "fit": "parabolic", 
        "value": 1.1622091625662296
    }, 
    "Ar41": {
        "error": 0.0062385625003322795, 
        "fit": "average", 
        "value": 0.20127692714171189
    }
}